id,libro_id,moneda_id,valor,fecha
1,1,1,12500.00,2026-01-15
2,1,2,15.50,2026-01-15
3,2,1,9800.00,2026-01-15
4,2,2,12.00,2026-01-15
5,3,1,8500.00,2026-01-15
6,3,2,10.50,2026-01-15
7,4,1,15000.00,2026-01-15
8,4,2,18.00,2026-01-15
9,5,1,11000.00,2026-01-15
10,5,2,13.50,2026-01-15
11,6,1,13500.00,2026-01-15
12,6,2,16.00,2026-01-15
13,7,1,7500.00,2026-01-15
14,7,2,9.00,2026-01-15
15,8,1,9200.00,2026-01-15
16,8,2,11.00,2026-01-15
17,9,1,14000.00,2026-01-15
18,9,2,17.00,2026-01-15
19,10,1,10500.00,2026-01-15
20,10,2,12.50,2026-01-15
